guid,title_en,link_en,description_en,pubDate_en,title_fr,link_fr,description_fr,pubDate_fr,pubDate
12084_2007-05-23,"Compensation, Policy Framework for the Management of",http://www.tbs-sct.canada.ca/pol/doc-eng.aspx?id=12084,"This framework sets out specific principles and an approach to managing compensation within the federal public administration. The framework guides Treasury Board ministers in their role as financial and human resources managers, set out in section 7 of the Financial Administration Act (FAA).","Wed, 23 May 2007 00:00:00 -0400",,,,,2007-05-23 00:00:00-04:00
12111_1995-07-07,"Educational Assistance for Children of Employees, Policy on",http://www.tbs-sct.canada.ca/pol/doc-eng.aspx?id=12111,Assists employees with unexpected costs incurred for their children’s public education.,"Fri, 07 Jul 1995 00:00:00 -0400",,,,,
12129_1991-11-01,Performance pay for represented employees in the Administrative and Foreign Service Category,http://www.tbs-sct.canada.ca/pol/doc-eng.aspx?id=12129,"Applies to employees in the public service as specified in Part I, Schedule I, the Public Service Staff Relations Act who are classified at senior levels in the administrative and foreign service categories and who are subject to a collective agreement for which a performance pay range has been negotiated.","Fri, 01 Nov 1991 00:00:00 -0400",,,,,
12139_1992-10-01,Injury on Duty Leave,http://www.tbs-sct.canada.ca/pol/doc-eng.aspx?id=12139,"Explains that employees who are disabled due to an occupational illness have a right to injury-on-duty leave with full normal pay for such reasonable period, as the employer so determines, where a provincial workers’ compensation board confirms the disability pursuant to the Government Employees Compensation Act.","Thu, 01 Oct 1992 00:00:00 -0400",Congé pour accident du travail,http://www.tbs-sct.canada.ca/pol/doc-fra.aspx?id=12139,"Explique que les employés qui sont handicapés en raison d’une maladie professionnelle ont droit à un congé pour accident du travail et à leur plein salaire pour une période raisonnable fixée par l’employeur, lorsque l’invalidité est confirmée par une commission provinciale des accidents du travail en vertu de la Loi sur l’indemnisation des agents de l’État.","Thu, 01 Oct 1992 00:00:00 -0400",
12141_2005-04-01,"Two-Tier Bargaining, Guidelines for",http://www.tbs-sct.canada.ca/pol/doc-eng.aspx?id=12141,"Permits the parties to use flexible approaches in negotiating collective agreements. The adoption of such approaches is voluntary and, thus, subject to the agreement of the employer and the bargaining agent.","Fri, 01 Apr 2005 00:00:00 -0400","négociation à deux niveaux, Lignes directrices sur la",http://www.tbs-sct.canada.ca/pol/doc-fra.aspx?id=12141,"Permet aux parties d’adopter des approches souples au regard de la négociation des conventions collectives. L’adoption de telles approches est facultative et, par conséquent, elle dépend de l’accord de l’employeur et de l’agent négociateur.","Fri, 01 Apr 2005 00:00:00 -0400",
12143_2015-08-13,Workers' Compensation,http://www.tbs-sct.canada.ca/pol/doc-eng.aspx?id=12143,"Explains that provincial workers compensation boards adjudicate compensation claims under the Government Employees Compensation Act pursuant to an administrative agreement with each board, and that the payment of benefits occurs according to the rates and conditions provided under the provincial compensation acts.","Thu, 13 Aug 2015 00:00:00 -0400","indemnisation pour accident du travail, L'",http://www.tbs-sct.canada.ca/pol/doc-fra.aspx?id=12143,"Explique que les commissions provinciales des accidents du travail étudient les demandes d’indemnisation en vertu de la Loi sur l’indemnisation des agents de l’État, conformément à l’entente administrative conclue avec chaque commission, et que le paiement des prestations se fait en fonction des conditions et des taux prévus dans les lois provinciales sur l’indemnisation des accidents du travail.","Thu, 13 Aug 2015 00:00:00 -0400",
12453_2023-06-28,"Access to Information, Policy on",http://www.tbs-sct.canada.ca/pol/doc-eng.aspx?id=12453,Provides direction to government institutions for effectively and consistently administering the Access to Information Act and Regulations.,"Wed, 28 Jun 2023 00:00:00 -0400",,,,,
12510_2024-11-08,"Privacy Protection, Policy on",http://www.tbs-sct.canada.ca/pol/doc-eng.aspx?id=12510,This policy provides direction to government institutions to ensure compliance with the <em>Privacy Act</em>.,"Fri, 08 Nov 2024 00:00:00 -0500",,,,,
12553_2026-06-19,"Build Canada Exchange, Directive on",http://www.tbs-sct.canada.ca/pol/doc-eng.aspx?id=12553,This directive details key stakeholders’ responsibilities regarding fair and consistent management of Build Canada Exchange assignments.,"Fri, 19 Jun 2026 00:00:00 -0400",,,,,
12563_1992-02-01,"Liaison with Private Contractors, Procedures for",http://www.tbs-sct.canada.ca/pol/doc-eng.aspx?id=12563,"Complements occupational health and safety procedures, and provides a basis for the development by departments and agencies of detailed internal processes, as required, for dealing with outside contractors.","Sat, 01 Feb 1992 00:00:00 -0500","liaison avec les entrepreneurs privés, Procédures pour la",http://www.tbs-sct.canada.ca/pol/doc-fra.aspx?id=12563,"Complète les procédures de santé et de sécurité au travail, et établit une base pour l’élaboration, par les ministères et les organismes, de processus internes détaillés, le cas échéant, pour faire affaire avec des entrepreneurs externes.","Sat, 01 Feb 1992 00:00:00 -0500",
12583_2024-03-21,"Terms and Conditions of Employment for Students, Directive on",http://www.tbs-sct.canada.ca/pol/doc-eng.aspx?id=12583,"This directive outlines the responsibilities of organizations within the core public administration (CPA) to ensure accurate, consistent, effective and equitable administration of the terms and conditions of employment for students.","Thu, 21 Mar 2024 00:00:00 -0400",,,,,
12588_2025-01-07,Self-Funded Leave Policy,http://www.tbs-sct.canada.ca/pol/doc-eng.aspx?id=12588,"Details criteria for self-funded leave in the federal public service, including a generic model to be used, as well as procedures, guidelines and the name of the approved financial institution.","Tue, 07 Jan 2025 00:00:00 -0500",,,,,
12595_2005-04-01,Co-development Guidelines,http://www.tbs-sct.canada.ca/pol/doc-eng.aspx?id=12595,"Describes and clarifies the concept of co-developing workplace improvements that the employer and bargaining agents have at their disposal in order to work together, with some considerations for their use.","Fri, 01 Apr 2005 00:00:00 -0400",amélioration conjointe du milieu de travail - Lignes directrices sur l',http://www.tbs-sct.canada.ca/pol/doc-fra.aspx?id=12595,"Décrit et met au clair la notion d’amélioration concertée du milieu de travail que l’employeur et les agents négociateurs ont à leur disposition pour travailler en collaboration, et fournit certains éléments à considérer.","Fri, 01 Apr 2005 00:00:00 -0400",
12601_2005-04-01,"Labour-Management Consultation Committees, Guidelines for",http://www.tbs-sct.canada.ca/pol/doc-eng.aspx?id=12601,"Elaborates on how good labour-management relations matter greatly for good human resources management. Consultation, through sustained communication between management and bargaining agents, can contribute to the enhancement of the relationships between the parties.","Fri, 01 Apr 2005 00:00:00 -0400","comités consultatifs patronaux-syndicaux, Lignes directrices sur les",http://www.tbs-sct.canada.ca/pol/doc-fra.aspx?id=12601,"Explique en quoi les bonnes relations patronales‑syndicales sont essentielles pour assurer la bonne gestion des ressources humaines. La consultation, par une communication continue entre la direction et les agents négociateurs, peut contribuer au renforcement des relations entre les parties.","Fri, 01 Apr 2005 00:00:00 -0400",
12602_2005-04-11,"Managerial or Confidential Exclusions, Guidelines on",http://www.tbs-sct.canada.ca/pol/doc-eng.aspx?id=12602,Gives instructions about proposing positions for exclusion from a bargaining unit.,"Mon, 11 Apr 2005 00:00:00 -0400","postes de direction ou de confiance exclus, Lignes directrices sur les",http://www.tbs-sct.canada.ca/pol/doc-fra.aspx?id=12602,Fournit des directives sur la proposition d’exclusion de postes d’une unité de négociation.,"Mon, 11 Apr 2005 00:00:00 -0400",
12607_1995-05-01,"Strikes, Policy on",http://www.tbs-sct.canada.ca/pol/doc-eng.aspx?id=12607,Ensures an effective employer response to strikes in the federal public service.,"Mon, 01 May 1995 00:00:00 -0400",,,,,1995-05-01 00:00:00-04:00
12610_2005-04-01,"Use of Employer Facilities, Guidelines for",http://www.tbs-sct.canada.ca/pol/doc-eng.aspx?id=12610,Clarifies the provisions of the Public Service Labour Relations Act regarding exceptions to unfair labour practices as they relate to the use of employer facilities.,"Fri, 01 Apr 2005 00:00:00 -0400","utilisation des installations de l'employeur, Lignes directrices sur l'",http://www.tbs-sct.canada.ca/pol/doc-fra.aspx?id=12610,Offre des précisions sur les dispositions de la Loi sur les relations de travail dans la fonction publique en ce qui concerne les exceptions aux pratiques déloyales de travail qui s’appliquent à l’utilisation des installations de l’employeur.,"Fri, 01 Apr 2005 00:00:00 -0400",
12614_2001-10-11,Workplace Day Care Centres,http://www.tbs-sct.canada.ca/pol/doc-eng.aspx?id=12614,Assist employees who need daycare for their children so they can pursue careers in the federal public service.,"Thu, 11 Oct 2001 00:00:00 -0400",,,,,
13342_2023-11-15,"Social Insurance Number, Directive on",http://www.tbs-sct.canada.ca/pol/doc-eng.aspx?id=13342,"Provides direction to government institutions on how the social insurance number (SIN) can be collected, used and disclosed, as well as methods to establish policy authority for a new collection or new consistent use of the SIN.","Wed, 15 Nov 2023 00:00:00 -0500",,,,,
13525_2024-12-20,"Transfer Payments, Policy on",http://www.tbs-sct.canada.ca/pol/doc-eng.aspx?id=13525,"Explains the roles, responsibilities and accountabilities for the management of transfer payment programs.","Fri, 20 Dec 2024 00:00:00 -0500",,,,,
13583_2023-04-14,Public Service Income Benefit Plan for Survivors of Employees Slain on Duty,http://www.tbs-sct.canada.ca/pol/doc-eng.aspx?id=13583,"Provides guarantees to the spouse and children of employees whose death occurred due to an act of violence unlawfully committed by another person or other persons, occurring in the course of or arising out of the performance of their employment-related duties.","Fri, 14 Apr 2023 00:00:00 -0400",,,,,
13589_1992-10-01,Flying Accidents Compensation,http://www.tbs-sct.canada.ca/pol/doc-eng.aspx?id=13589,"Provides for the payment of compensation to employees or their dependants where injury or death directly results from a non-scheduled flight in the course of duty or, in the case of a civil aviation inspector, where injury or death directly results from any flight taken for the purpose of conducting a flight test or monitoring commercial air operations on that flight.","Thu, 01 Oct 1992 00:00:00 -0400",,,,,
13616_2008-06-24,Foundation Framework for Treasury Board Policies,http://www.tbs-sct.canada.ca/pol/doc-eng.aspx?id=13616,Explains the structure of Treasury Board policy instruments and outlines general requirements common to all Treasury Board policy instruments.,"Tue, 24 Jun 2008 00:00:00 -0400",,,,,
13697_2022-09-14,"Title to Intellectual Property Arising Under Crown Procurement Contracts, Policy on",http://www.tbs-sct.canada.ca/pol/doc-eng.aspx?id=13697,The objective of this policy is to increase the potential for Commercial Exploitation of Intellectual Property developed by a Contractor in the course of a Crown Procurement Contract.,"Wed, 14 Sep 2022 00:00:00 -0400",,,,,
13848_1992-10-01,Long-Term Disability Insurance,http://www.tbs-sct.canada.ca/pol/doc-eng.aspx?id=13848,"Provides an overview of long-term disability insurance coverage under the Public Service Management Insurance Plan, a mandatory plan that provides a 70% income benefit to participants who cannot work for a long period of time due to illness or injury resulting in total disability.","Thu, 01 Oct 1992 00:00:00 -0400",,,,,
13890_1996-07-16,Termination of Employment of Public Service Employees Due to Alternative Delivery Situations (Policy),http://www.tbs-sct.canada.ca/pol/doc-eng.aspx?id=13890,Fairly and openly facilitates the transfer of staff to new employers in the case of alternative delivery initiatives.,"Tue, 16 Jul 1996 00:00:00 -0400",,,,,
13937_2023-01-30,"Legal Assistance and Indemnification, Policy on",http://www.tbs-sct.canada.ca/pol/doc-eng.aspx?id=13937,"Establishes the framework to provide legal assistance and indemnification to Crown servants and matters greatly for the protection of the Crown’s interest, the fair treatment of its employees, and the effective management of an organization.","Mon, 30 Jan 2023 00:00:00 -0500",,,,,
13953_1991-11-01,"Service outside Canada, Policy on",http://www.tbs-sct.canada.ca/pol/doc-eng.aspx?id=13953,Provides special terms and conditions of employment for personnel serving outside Canada.,"Fri, 01 Nov 1991 00:00:00 -0400",,,,,
13954_2026-03-11,"Staff engaged locally outside Canada, Policy on",http://www.tbs-sct.canada.ca/pol/doc-eng.aspx?id=13954,Provides terms and conditions of employment for locally engaged staff employed outside Canada.,"Wed, 11 Mar 2026 00:00:00 -0400",,,,,
14208_2026-07-13,"Transfer Payments, Directive on",http://www.tbs-sct.canada.ca/pol/doc-eng.aspx?id=14208,Provides departmental managers with the operational requirements for the design and delivery of transfer payment programs.,"Mon, 13 Jul 2026 00:00:00 -0400",,,,,
14219_2023-07-08,"Executive (EX) Group Organization and Classification, Directive on",http://www.tbs-sct.canada.ca/pol/doc-eng.aspx?id=14219,The directive describes the requirements for the organization and classification of positions in the Executive Group in the core public administration.,"Sat, 08 Jul 2023 00:00:00 -0400",,,,,
14265_2024-09-26,"Streamlining - Statutory Reports to Parliament, Guidelines on",http://www.tbs-sct.canada.ca/pol/doc-eng.aspx?id=14265,Assists departmental officials as well as Treasury Board of Canada Secretariat officials in the interpretation and application of section 157 of the Financial Administration Act.,"Thu, 26 Sep 2024 00:00:00 -0400","rationalisation des rapports prévus par la loi et déposés devant le Parlement, Lignes directrices sur la",http://www.tbs-sct.canada.ca/pol/doc-fra.aspx?id=14265,Aide les agents ministériels ainsi que les agents du Secrétariat du Conseil du Trésor du Canada à interpréter et à appliquer l’article 157 de la Loi sur la gestion des finances publiques.,"Thu, 26 Sep 2024 00:00:00 -0400",
15772_2020-01-23,"Terms and Conditions of Employment, Directive on",http://www.tbs-sct.canada.ca/pol/doc-eng.aspx?id=15772,"Directs departments and agencies that will ensure the equitable, accurate, consistent, transparent and timely application of terms and conditions of employment across the core public administration.","Thu, 23 Jan 2020 00:00:00 -0500",,,,,
15773_2021-11-15,"Terms and Conditions of Employment for Certain Excluded and Unrepresented Groups and Levels, Directive on",http://www.tbs-sct.canada.ca/pol/doc-eng.aspx?id=15773,"The directive provides direction to managers and designated senior officials to ensure the sound, consistent, effective, and equitable administration of the terms and conditions of employment for persons occupying certain excluded and unrepresented positions across the core public administration, where the terms and conditions of employment of such positions differ from those provided in the relevant collective agreement, or in any other Treasury Board policy instrument related to employment terms and conditions.","Mon, 15 Nov 2021 00:00:00 -0500",,,,,
15774_2013-11-28,"Leave and Special Working Arrangements, Directive on",http://www.tbs-sct.canada.ca/pol/doc-eng.aspx?id=15774,"Ensures that departments and agencies within the core public administration soundly, consistently and effectively manage paid and unpaid absences from work, as well as special working arrangements.","Thu, 28 Nov 2013 00:00:00 -0500",,,,,
15796_2009-10-01,"Security for Debts, Guideline on",http://www.tbs-sct.canada.ca/pol/doc-eng.aspx?id=15796,"Assists departmental officials in charge of the management of securing repayment of debts owed to the Crown by mitigating non-repayment risks. The guidelines provide sound management practices for accepting, protecting and discharging security on debts owed to the Crown.","Thu, 01 Oct 2009 00:00:00 -0400","garantie à l'égard des dettes, Ligne directrice sur la",http://www.tbs-sct.canada.ca/pol/doc-fra.aspx?id=15796,"Aide les agents ministériels chargés de gérer le recouvrement des dettes dues à l’État en atténuant les risques de non‑remboursement. Les lignes directrices fournissent de saines pratiques de gestion pour l’acceptation, la protection et l’acquittement de la garantie à l’égard des dettes dues à l’État.","Thu, 01 Oct 2009 00:00:00 -0400",
16484_2023-10-24,"Internal Audit, Policy on",http://www.tbs-sct.canada.ca/pol/doc-eng.aspx?id=16484,"The Policy on Internal Audit sets out the responsibilities for deputy heads of large and small departments related to internal audit, which contributes to sound risk management, control and governance processes; as well as the role and responsibilities of the Comptroller General of Canada as the head of the function government-wide.","Tue, 24 Oct 2023 00:00:00 -0400",,,,,
16577_2019-07-01,"Identity Management, Directive on",http://www.tbs-sct.canada.ca/pol/doc-eng.aspx?id=16577,"Ensures effective identity management practices by outlining requirements to support departments in the establishment, use and validation of identity information.","Mon, 01 Jul 2019 00:00:00 -0400",,,,,
16578_2019-07-01,"Government Security, Policy on",http://www.tbs-sct.canada.ca/pol/doc-eng.aspx?id=16578,"Provides direction to manage government security in support of the trusted delivery of GC programs and services, the protection of information, individuals and assets, and provides assurance to Canadians, partners, oversight bodies and other stakeholders regarding security management in the GC.","Mon, 01 Jul 2019 00:00:00 -0400",,,,,
17065_2020-12-02,"Financial Management of Pay Administration, Guideline on",http://www.tbs-sct.canada.ca/pol/doc-eng.aspx?id=17065,"The Treasury Board of Canada Secretariat (TBS) revised the guidance related to the financial management of pay administration, including a generic approach for post-payment verification.","Wed, 02 Dec 2020 00:00:00 -0500","financière de l'administration de la paye, Ligne directrice sur la gestion",http://www.tbs-sct.canada.ca/pol/doc-fra.aspx?id=17065,"Le Secrétariat du Conseil du Trésor du Canada (SCT) a révisé les lignes directrices liées à la gestion financière de l’administration de la paye, y compris une approche générique pour la vérification après paiement.","Wed, 02 Dec 2020 00:00:00 -0500",
17067_2009-10-01,"Accountable Advances, Guideline on",http://www.tbs-sct.canada.ca/pol/doc-eng.aspx?id=17067,"Provides information on accountable advances, such as interest charges, debt write-off and accounting that departmental officials have at their disposal.","Thu, 01 Oct 2009 00:00:00 -0400","avances comptables, Ligne directrice sur les",http://www.tbs-sct.canada.ca/pol/doc-fra.aspx?id=17067,"Fournit des renseignements sur les avances comptables comme les frais d’intérêt, la radiation des dettes et la comptabilité auxquels ont accès les responsables ministériels.","Thu, 01 Oct 2009 00:00:00 -0400",
17151_2010-08-27,"Compliance, Framework for the Management of",http://www.tbs-sct.canada.ca/pol/doc-eng.aspx?id=17151,"Clarifies the roles of the Treasury Board, its Portfolio, and those of institutions in monitoring and managing compliance with legal and Treasury Board policy requirements.","Fri, 27 Aug 2010 00:00:00 -0400",,,,,
17590_2023-04-18,"Financial Management Systems, Directive on the Stewardship of",http://www.tbs-sct.canada.ca/pol/doc-eng.aspx?id=17590,"Ensures that the departmental financial and materiel management system, as well as the financial information input and output from program systems and central systems, provides accurate, reliable, accessible and timely financial information.","Tue, 18 Apr 2023 00:00:00 -0400",,,,,
18309_2024-11-08,"Privacy Practices, Directive on",http://www.tbs-sct.canada.ca/pol/doc-eng.aspx?id=18309,Provides direction to government institutions on how to implement effective privacy practices.,"Fri, 08 Nov 2024 00:00:00 -0500",,,,,
18310_2022-07-22,"Access to Information Requests, Directive on",http://www.tbs-sct.canada.ca/pol/doc-eng.aspx?id=18310,Provides direction to government institutions on efficiently and consistently processing access to information requests.,"Fri, 22 Jul 2022 00:00:00 -0400",,,,,
19061_2024-10-03,"Recipient Audits Under the Policy on Transfer Payments and the Directive on Transfer Payments, Guideline on",http://www.tbs-sct.canada.ca/pol/doc-eng.aspx?id=19061,The purpose of this guideline is to assist departmental managers in meeting their responsibilities under the Policy on Transfer Payments and the Directive on Transfer Payments as they relate to recipient audits (see Appendix A for key excerpts from both the policy and directive).  This guideline provides an overview of the recipient audit process and is a non-mandatory tool to assist departmental managers. Departmental managers are encouraged to share this guideline with their auditor to assist in planning and decision making related to a recipient audit.,"Thu, 03 Oct 2024 00:00:00 -0400","vérification de bénéficiaires aux termes de la Politique sur les paiements de transfert et de la Directive sur les paiements de transfert, Lignes directrices sur la",http://www.tbs-sct.canada.ca/pol/doc-fra.aspx?id=19061,"Les présentes lignes directrices ont pour objet d’aider les gestionnaires ministériels à s’acquitter de leurs responsabilités aux termes de la Politique sur les paiements de transfert et de la Directive sur les paiements de transfert en matière de vérification des bénéficiaires. Vous trouverez à l’annexe A des extraits clés de la Politique et de la Directive.  Elles donnent un aperçu de la procédure de vérification des bénéficiaires et constituent un outil que les gestionnaires ministériels ont la possibilité, mais non l’obligation, d’utiliser. Nous encourageons les gestionnaires à communiquer ces lignes directrices à leurs vérificateurs à l’appui de la planification et de la prise de décisions relativement aux vérifications des bénéficiaires.","Thu, 03 Oct 2024 00:00:00 -0400",
19420_2010-09-02,"Performance Measurement Strategy under the Policy on Transfer Payments, Guideline on",http://www.tbs-sct.canada.ca/pol/doc-eng.aspx?id=19420,Assists deputy heads and departmental managers in meeting their responsibilities under the Policy on Transfer Payments and the Directive on Transfer Payments as they relate to performance measurement strategies.,"Thu, 02 Sep 2010 00:00:00 -0400","stratégie de mesure du rendement aux termes de la Politique sur les paiements de transfert, Ligne directrice sur une",http://www.tbs-sct.canada.ca/pol/doc-fra.aspx?id=19420,Aide les administrateurs généraux et les gestionnaires ministériels à s’acquitter de leurs responsabilités en vertu de la Politique sur les paiements de transfert et de la Directive sur les paiements de transfert qui s’appliquent aux stratégies de mesure du rendement.,"Thu, 02 Sep 2010 00:00:00 -0400",
19421_2024-10-03,"Transfer Payments, Guideline on the Directive on",http://www.tbs-sct.canada.ca/pol/doc-eng.aspx?id=19421,"Transfer payments are one of the government's key instruments in furthering its broad policy objectives and priorities. They are monetary payments, or transfers of goods, services, or assets to third parties, including Crown corporations, made by the Government of Canada on the basis of appropriations. These payments do not result in the acquisition by the Government of Canada of any goods, services, or assets.","Thu, 03 Oct 2024 00:00:00 -0400","Paiements de transfert, ligne directrice concernant la Directive sur les",http://www.tbs-sct.canada.ca/pol/doc-fra.aspx?id=19421,"Les paiements de transfert sont un des principaux instruments dont le gouvernement se sert pour mettre de l'avant ses grands objectifs stratégiques et ses priorités. Il s'agit de transferts monétaires ou des transferts de biens, de services ou d'actifs à des tierces parties, incluant les sociétés d'État, effectués par le gouvernement du Canada en fonction de crédits. Ces transferts n'ont pas pour résultat l'acquisition de biens, de services ou d'actifs par le gouvernement du Canada.","Thu, 03 Oct 2024 00:00:00 -0400",
19422_2010-08-19,"Risk, Framework for the Management of",http://www.tbs-sct.canada.ca/pol/doc-eng.aspx?id=19422,Guides deputy heads on how to implement effective risk management practices at all levels of their organization.,"Thu, 19 Aug 2010 00:00:00 -0400",,,,,
20008_2011-01-07,"Public Key Infrastructure in the Government of Canada, Guideline on the Management of",http://www.tbs-sct.canada.ca/pol/doc-eng.aspx?id=20008,Intended to help departments and program managers understand the responsibilities and practices of public key infrastructure within the GC.,"Fri, 07 Jan 2011 00:00:00 -0500","infrastructure à clé publique au gouvernement du Canada, Ligne directrice sur la gestion de l'",http://www.tbs-sct.canada.ca/pol/doc-fra.aspx?id=20008,Vise à aider les ministères et les gestionnaires de programme à comprendre les responsabilités et les pratiques liées à l’infrastructure publique clé au sein du gouvernement du Canada.,"Fri, 07 Jan 2011 00:00:00 -0500",
20930_2011-02-04,"Self-Insurance, Guideline on",http://www.tbs-sct.canada.ca/pol/doc-eng.aspx?id=20930,Assists managers and staff in departments and agencies in making decisions on underwriting risks that have financial implications.,"Fri, 04 Feb 2011 00:00:00 -0500","auto-assurance, Ligne directrice sur l'",http://www.tbs-sct.canada.ca/pol/doc-fra.aspx?id=20930,Aide les gestionnaires et les employés des ministères et organismes à prendre des décisions concernant la souscription de risques ayant des répercussions financières.,"Fri, 04 Feb 2011 00:00:00 -0500",
21104_2025-09-01,"Union Dues, Directive on",http://www.tbs-sct.canada.ca/pol/doc-eng.aspx?id=21104,"This directive outlines the responsibilities of organizations within the core public administration (CPA) to ensure the accurate, consistent and effective administration of union dues.","Mon, 01 Sep 2025 00:00:00 -0400",,,,,
22370_2011-06-08,"Discipline, Guidelines for",http://www.tbs-sct.canada.ca/pol/doc-eng.aspx?id=22370,"Assist human resources advisors in the core public administration in their role of providing advice and guidance to management in the application of discipline, in the development of departmental codes of discipline, and in the conduct of disciplinary investigations and hearings.","Wed, 08 Jun 2011 00:00:00 -0400","concernant la discipline, Lignes directrices",http://www.tbs-sct.canada.ca/pol/doc-fra.aspx?id=22370,"Aide les conseillers en ressources humaines de l’administration publique centrale à s’acquitter de leur rôle de prestation de conseils et de directives à la direction sur l’application de discipline, l’élaboration de codes de discipline ministériels et la tenue d’enquêtes et d’audiences disciplinaires.","Wed, 08 Jun 2011 00:00:00 -0400",
22379_2011-06-09,"Termination or Demotion for Unsatisfactory Performance; Termination or Demotion for Reasons Other than Breaches of Discipline or Misconduct; and Termination of Employment During Probation, Guidelines for",http://www.tbs-sct.canada.ca/pol/doc-eng.aspx?id=22379,Assists human resources advisors in the core public administration in their role of providing advice and guidance to management.,"Thu, 09 Jun 2011 00:00:00 -0400","Licenciement ou la rétrogradation pour rendement insatisfaisant; le licenciement ou la rétrogradation pour des raisons autres qu’un manquement à la discipline ou une inconduite; et le licenciement en cours de stage, lignes directrices concernant le",http://www.tbs-sct.canada.ca/pol/doc-fra.aspx?id=22379,Aide les conseillers en ressources humaines de l’administration publique centrale à s’acquitter de leur rôle de prestation de conseils et de directives à la direction.,"Thu, 09 Jun 2011 00:00:00 -0400",
24970_2012-01-10,"Common Financial Management Business Process 3.1 - Manage Procure to Payment, Guideline on",http://www.tbs-sct.canada.ca/pol/doc-eng.aspx?id=24970,"This guideline defines Manage Procure to Payment, which begins with the identification of procurement need and ends with a finalized payment issued by the Receiver General for expenditures that involve operational or capital procurement using a purchase order or other type of contract.","Tue, 10 Jan 2012 00:00:00 -0500","processus opérationnel commun en gestion financière 3.1 - gestion du cycle de l'approvisionnement au paiement, Ligne directrice sur le",http://www.tbs-sct.canada.ca/pol/doc-fra.aspx?id=24970,"La présente ligne directrice définit la Gestion du cycle de l’approvisionnement au paiement, qui commence par la définition d’un besoin d’approvisionnement et qui se termine par l’émission du paiement par le receveur général pour des dépenses d’achats courants ou de biens en capital effectuées dans le cadre d’un marché de toutes sortes, dont la commande d’achat.","Tue, 10 Jan 2012 00:00:00 -0500",
25583_2025-11-03,"Management of Executives, Policy on the",http://www.tbs-sct.canada.ca/pol/doc-eng.aspx?id=25583,"The policy establishes the authorities and responsibilities of deputy heads and the Chief Human Resources Officer for the effective management of executives, including EX Group organization design and classification, compensation, performance and talent management and other terms and conditions of executive employment across the core public administration.","Mon, 03 Nov 2025 00:00:00 -0500",,,,,
25593_2012-04-26,"Chart of Accounts Line Object Codes, Guideline on Departmental",http://www.tbs-sct.canada.ca/pol/doc-eng.aspx?id=25593,"The purpose of this guideline is to support the objectives of the Policy on the Stewardship of Financial Management Systems, the Directive on the Recording of Financial Transactions in the Accounts of Canada and specifically the Standard on Recording Financial Transactions in the Departmental Chart of Accounts by providing recommendations that will assist chief financial officers in fulfilling the requirements of the Standard on Recording Financial Transactions in the Departmental Chart of Accounts, and thereby increase the consistency of financial information government-wide.","Thu, 26 Apr 2012 00:00:00 -0400","codes des articles d'exécution du plan comptable ministériel, Ligne directrice sur les",http://www.tbs-sct.canada.ca/pol/doc-fra.aspx?id=25593,"La présente ligne directrice vise à appuyer les objectifs formulés par la Politique sur la gérance des systèmes de gestion financière, par la Directive sur l'inscription des opérations financières dans les comptes du Canada et en particulier par la Norme sur l'inscription des opérations financières dans le plan comptable ministériel. La ligne directrice énonce les valeurs des codes des articles d'exécution du plan comptable ministériel à titre de recommandations, afin d'aider les dirigeants principaux des finances à répondre aux exigences de la Norme d'inscription des opérations financières dans le plan comptable ministériel et à mieux uniformiser l'information financière au gouvernement. Les définitions servant à interpréter la présente ligne directrice figurent à l'Annexe A de la Norme sur l'inscription des opérations financières dans le plan comptable ministériel.","Thu, 26 Apr 2012 00:00:00 -0400",
25600_2012-03-30,"Processing of Garnishments, Guidelines for the",http://www.tbs-sct.canada.ca/pol/doc-eng.aspx?id=25600,"Elaborates on the Directive on Financial Management of Pay Administration, which reflects obligations under the Garnishment, Attachment and Pension Diversion Act.","Fri, 30 Mar 2012 00:00:00 -0400","traitement des saisies-arrêts, Lignes directrices sur le",http://www.tbs-sct.canada.ca/pol/doc-fra.aspx?id=25600,"Donne des précisions sur la Directive sur la gestion financière de l’administration de la paye, laquelle tient compte des obligations en vertu de la Loi sur la saisie‑arrêt et la distraction de pensions.","Fri, 30 Mar 2012 00:00:00 -0400",
25748_2012-07-04,"Service Agreements: An Overview, Guideline on",http://www.tbs-sct.canada.ca/pol/doc-eng.aspx?id=25748,"Provides managers and executives with an overview of the key concepts and steps in establishing service agreements, including the definition of a service relationship and its integration into a service agreement.","Wed, 04 Jul 2012 00:00:00 -0400","ententes de services – Synthèse, Ligne directrice sur les",http://www.tbs-sct.canada.ca/pol/doc-fra.aspx?id=25748,"Donne aux gestionnaires et aux cadres supérieurs un aperçu des concepts et des étapes clés de l’établissement d’ententes de services, y compris la définition d’une relation de service et son intégration dans une entente de services.","Wed, 04 Jul 2012 00:00:00 -0400",
25761_2012-07-04,"Service Agreements: Essential Elements, Guideline on",http://www.tbs-sct.canada.ca/pol/doc-eng.aspx?id=25761,"Provides suggested steps for defining a service agreement. It also identifies key considerations when building a service relationship, examines the types of service agreements and the situations to which they are best used, and takes a closer look at the specific elements that should be considered when developing a service agreement.","Wed, 04 Jul 2012 00:00:00 -0400","ententes de services – Éléments essentiels, Ligne directrice sur les",http://www.tbs-sct.canada.ca/pol/doc-fra.aspx?id=25761,"Décrit les étapes proposées pour définir une entente de services. De plus, elle décrit les principaux éléments dont il faut tenir compte pour établir une relation de service, elle examine les types d’ententes de services et les situations auxquelles chaque type d’entente s’applique le mieux, et elle examine de manière plus approfondie les éléments particuliers qu’il faudrait considérer lorsqu’il s’agit d’élaborer une entente de services.","Wed, 04 Jul 2012 00:00:00 -0400",
26160_2012-10-15,"Official Languages, Policy on",http://www.tbs-sct.canada.ca/pol/doc-eng.aspx?id=26160,Facilitates institutions’ compliance with and ensures effective implementation of the Official Languages Act and its regulations.,"Mon, 15 Oct 2012 00:00:00 -0400",,,,,
26163_2022-09-08,"Official Languages (Communications with and Services to the Public) Regulations, Directive on the Implementation of the",http://www.tbs-sct.canada.ca/pol/doc-eng.aspx?id=26163,Enables the Government of Canada to minimize the risks of applications for remedy before the courts because of an institution’s violation of the public’s rights to communicate with that institution and receive services from it in the official language of their choice.,"Thu, 08 Sep 2022 00:00:00 -0400",,,,,
26164_2012-10-15,"Official Languages for Communications and Services, Directive on",http://www.tbs-sct.canada.ca/pol/doc-eng.aspx?id=26164,"Gives sound and consistent practices and procedures for deputy heads (or their delegates) in the area of communications with the public and employees, as well as the services provided to them.","Mon, 15 Oct 2012 00:00:00 -0400",,,,,
26168_2025-06-20,"Official Languages for People Management, Directive on",http://www.tbs-sct.canada.ca/pol/doc-eng.aspx?id=26168,"Outlines the requirements related to the linguistic identification of a position, the staffing of bilingual positions, and the equal participation of English-speaking Canadians and French-speaking Canadians in federal institutions.","Fri, 20 Jun 2025 00:00:00 -0400",,,,,
26262_2012-11-30,"Authentication Requirements, Guideline on Defining",http://www.tbs-sct.canada.ca/pol/doc-eng.aspx?id=26262,Assists departments and agencies in defining the authentication requirements for delivery of programs and services.,"Fri, 30 Nov 2012 00:00:00 -0500","d'authentification, Ligne directrice sur la définition des exigences en matière",http://www.tbs-sct.canada.ca/pol/doc-fra.aspx?id=26262,Aide les ministères et les organismes à définir les exigences d’authentification aux fins de l’exécution des programmes et de la prestation des services.,"Fri, 30 Nov 2012 00:00:00 -0500",
26295_2012-11-30,Internet Protocol Version 6 (IPv6) Network Equipment Procurement Guideline,http://www.tbs-sct.canada.ca/pol/doc-eng.aspx?id=26295,"Assists departments when procuring network equipment, in support of the Internet Protocol Version 6 Adoption Strategy.","Fri, 30 Nov 2012 00:00:00 -0500","achat d'équipement pour le réseau de la version 6 du protocole Internet (IPv6), Ligne directrice sur l'",http://www.tbs-sct.canada.ca/pol/doc-fra.aspx?id=26295,Aide les ministères lorsqu’ils achètent de l’équipement de réseau afin d’appuyer la stratégie d’adoption de la version 6 du protocole Internet.,"Fri, 30 Nov 2012 00:00:00 -0500",
26332_2013-01-15,"Common Financial Management Business Process 4.1 - Manage Other Capital Assets, Guideline on",http://www.tbs-sct.canada.ca/pol/doc-eng.aspx?id=26332,"This guideline presents the should be model for Manage Other Capital Assets, which involves financial management during the life cycle of a capital asset (excluding real property) that is managed by a department.","Tue, 15 Jan 2013 00:00:00 -0500","processus opérationnel commun en gestion financière 4.1 – Gestion des autres immobilisations, ligne directrice sur le",http://www.tbs-sct.canada.ca/pol/doc-fra.aspx?id=26332,"La présente ligne directrice présente le modèle « souhaité » de la Gestion des autres immobilisations, c’est-à-dire la gestion financière durant le cycle de vie d’une immobilisation (excluant les biens immobiliers) par un ministère.","Tue, 15 Jan 2013 00:00:00 -0500",
26952_2013-05-15,"Common Financial Management Business Process 3.2 – Manage Travel, Guideline on",http://www.tbs-sct.canada.ca/pol/doc-eng.aspx?id=26952,"Constitutes the model for Manage Travel, describing roles, responsibilities and recommended activities from a financial management perspective.","Wed, 15 May 2013 00:00:00 -0400","processus opérationnel commun en gestion financière 3.2 – gestion des voyages, Ligne directrice sur le",http://www.tbs-sct.canada.ca/pol/doc-fra.aspx?id=26952,"Constitue le modèle pour le processus opérationnel de la Gestion des déplacements, et décrit les rôles, les responsabilités et les activités recommandées du point de vue de la gestion financière.","Wed, 15 May 2013 00:00:00 -0400",2013-05-15 00:00:00-04:00
26953_2013-05-15,"Common Financial Management Business Process 1.1 – Manage Planning And Budgeting, Guideline on",http://www.tbs-sct.canada.ca/pol/doc-eng.aspx?id=26953,This guideline presents the should be financial business process for Manage Planning and Budgeting and describes the annual activities that departments would complete in order to develop detailed internal departmental plans and budgets against their voted authorities for the fiscal year.,"Wed, 15 May 2013 00:00:00 -0400","processus opérationnel commun en gestion financière 1.1 – gestion de la planification et de la budgétisation, Ligne directrice sur le",http://www.tbs-sct.canada.ca/pol/doc-fra.aspx?id=26953,"Elle présente le modèle souhaité de la gestion de la planification et de la budgétisation, qui comprend les activités de planification et de budgétisation du ministère en fonction des autorisations votées (p. ex., le crédit des dépenses de fonctionnement, le crédit des dépenses en capital et le crédit des subventions et contributions) pour l’exercice.","Wed, 15 May 2013 00:00:00 -0400",2013-05-15 00:00:00-04:00
26954_2010-05-30,"Common Financial Management Business Process 3.3 - Manage Other Payments, Guideline on",http://www.tbs-sct.canada.ca/pol/doc-eng.aspx?id=26954,"Constitutes the model for Manage Other Payments, which involved common payment transactions not covered by Manage Interdepartmental Settlements (Business Process 2.2), Manage Procure to Payment (Business Process 3.3), Manage Travel (Business Process 3.2), Pay Administration (Business Process 5.1), and Manage Grants and Contributions (Business Process 6.1).","Sun, 30 May 2010 00:00:00 -0400","processus opérationnel commun en gestion financière 3.3 –  Gestion des autres paiements, Ligne directrice sur le",http://www.tbs-sct.canada.ca/pol/doc-fra.aspx?id=26954,"Constitue le modèle pour le processus opérationnel de la Gestion des autres paiements, qui comprend les opérations de paiement communes qui ne sont pas visées par les processus opérationnels de la Gestion des règlements interministériels (2.2), de la Gestion du cycle d’approvisionnement au paiement (3.3), de la Gestion des déplacements (3.2), de la Gestion de l’administration de la paye (5.1) et de la Gestion des subventions et des contributions (6.1).","Sun, 30 May 2010 00:00:00 -0400",2010-05-30 00:00:00-04:00
27146_2020-04-01,"Performance Management, Directive on",http://www.tbs-sct.canada.ca/pol/doc-eng.aspx?id=27146,This directive provides direction to head of human resources and managers on the management of employee performance in the core public administration.,"Wed, 01 Apr 2020 00:00:00 -0400",,,,,
27228_2020-07-31,"Travel, Hospitality, Conference and Event Expenditures, Directive on",http://www.tbs-sct.canada.ca/pol/doc-eng.aspx?id=27228,"Provides detailed direction on the handling of expenditures for travel, hospitality, conferences and events.","Fri, 31 Jul 2020 00:00:00 -0400",,,,,
27256_2024-03-28,"Chief Financial Officer Attestation for Cabinet Submissions, Guideline on",http://www.tbs-sct.canada.ca/pol/doc-eng.aspx?id=27256,No description provided.,"Thu, 28 Mar 2024 00:00:00 -0400","attestation du dirigeant principal des finances pour les présentations au Cabinet, Ligne directrice sur l’",http://www.tbs-sct.canada.ca/pol/doc-fra.aspx?id=27256,,"Thu, 28 Mar 2024 00:00:00 -0400",
27807_2014-03-31,"Project Brief, Guide to a",http://www.tbs-sct.canada.ca/pol/doc-eng.aspx?id=27807,"Provides guidance in the form of headings, examples and descriptions on the level and type of information required in a project brief by the Treasury Board Policy on the Management of Projects.","Mon, 31 Mar 2014 00:00:00 -0400","présentation des énoncés de projet, Guide de",http://www.tbs-sct.canada.ca/pol/doc-fra.aspx?id=27807,"Fournit des directives sous forme d’en‑têtes, d’exemples et de descriptions sur le niveau et le type de renseignements requis dans un énoncé de projet selon la Politique sur la gestion des projets du Conseil du Trésor.","Mon, 31 Mar 2014 00:00:00 -0400",
27907_2016-05-30,"Acceptable Network and Device Use, Guideline on",http://www.tbs-sct.canada.ca/pol/doc-eng.aspx?id=27907,No description provided.,"Mon, 30 May 2016 00:00:00 -0400","utilisation acceptable des dispositifs et des réseaux, Ligne directrice sur l’",http://www.tbs-sct.canada.ca/pol/doc-fra.aspx?id=27907,,"Mon, 30 May 2016 00:00:00 -0400",2016-05-30 00:00:00-04:00
28108_2014-10-09,"Open Government, Directive on",http://www.tbs-sct.canada.ca/pol/doc-eng.aspx?id=28108,Promotes information management practices that enable the proactive and ongoing release of government information.,"Thu, 09 Oct 2014 00:00:00 -0400",,,,,
28203_2014-11-26,Governance and Expenditure Management Policy Area,http://www.tbs-sct.canada.ca/pol/doc-eng.aspx?id=28203,No description provided.,"Wed, 26 Nov 2014 00:00:00 -0500",,,,,
28699_2020-04-01,"Classification Oversight, Directive on",http://www.tbs-sct.canada.ca/pol/doc-eng.aspx?id=28699,"Describes the responsibilities of Heads of Human Resources for the oversight of classification, including Executive classification.","Wed, 01 Apr 2020 00:00:00 -0400",,,,,
28700_2021-04-01,"Classification, Directive on",http://www.tbs-sct.canada.ca/pol/doc-eng.aspx?id=28700,"Establishes roles and responsibilities in organizational design and classification for Heads of Human Resources, managers, persons accredited, or trained, in organizational design and classification.","Thu, 01 Apr 2021 00:00:00 -0400",,,,,
30656_2016-03-21,"Attribution of Internal Services, Guideline on the",http://www.tbs-sct.canada.ca/pol/doc-eng.aspx?id=30656,"These guidelines update the current guidance that supports the Policy on Management, Resources and Results Structures (MRRS). The objective is to establish consistency in recording and reporting of internal services.","Mon, 21 Mar 2016 00:00:00 -0400","Attribution aux programmes des dépenses liées aux services internes, Ligne directrice sur l’",http://www.tbs-sct.canada.ca/pol/doc-fra.aspx?id=30656,"Ces lignes directrices actualisent l'actuel guide qui appuie la Politique sur la Structure de gestion, des ressources et des résultats (SGRR). Elles ont pour but d'introduire plus de cohérence dans la consignation de l'information sur les services internes et l'établissement de rapports connexes.","Mon, 21 Mar 2016 00:00:00 -0400",
30678_2016-03-04,"Identity Assurance, Guideline on",http://www.tbs-sct.canada.ca/pol/doc-eng.aspx?id=30678,Supports implementation of the minimum requirements for establishing the identity of an individual to a given level of assurance.,"Fri, 04 Mar 2016 00:00:00 -0500","assurance de l’identité, Ligne directrice sur",http://www.tbs-sct.canada.ca/pol/doc-fra.aspx?id=30678,Soutient la mise en œuvre des exigences minimales pour établir l’identité d’une personne à un niveau d’assurance donné.,"Fri, 04 Mar 2016 00:00:00 -0500",
30682_2025-10-30,"Communications and Federal Identity, Directive on the Management of",http://www.tbs-sct.canada.ca/pol/doc-eng.aspx?id=30682,"Provides rules for managing and coordinating communications, including procedures for advertising and public opinion research, and standards for social media, external-facing websites and mobile applications.","Thu, 30 Oct 2025 00:00:00 -0400",,,,,
30683_2025-10-30,"Communications and Federal Identity, Policy on",http://www.tbs-sct.canada.ca/pol/doc-eng.aspx?id=30683,"Gives context and rules for how the Government of Canada (GC) enables internal and external communication about policies, programs, services and initiatives, including the administration of the GC official symbols.","Thu, 30 Oct 2025 00:00:00 -0400",,,,,
31300_2026-01-19,"Results, Policy on",http://www.tbs-sct.canada.ca/pol/doc-eng.aspx?id=31300,"The Policy on Results sets out the fundamental requirements for Canadian federal departmental accountability for performance information and evaluation, while highlighting the importance of results in management and expenditure decision making, as well as public reporting.","Mon, 19 Jan 2026 00:00:00 -0500",,,,,
31306_2025-10-30,"Results, Directive on",http://www.tbs-sct.canada.ca/pol/doc-eng.aspx?id=31306,"Outlines requirements for supporting the implementation of the Policy on Results, including the identification of roles and responsibilities for Canadian federal departmental officials.","Thu, 30 Oct 2025 00:00:00 -0400",,,,,
32495_2024-06-27,"Financial Management, Policy on",http://www.tbs-sct.canada.ca/pol/doc-eng.aspx?id=32495,"Provides the key responsibilities for Deputy Heads, CFOs, Senior Departmental Managers and the Comptroller General of Canada in exercising effective financial management.","Thu, 27 Jun 2024 00:00:00 -0400",,,,,
32499_2023-11-28,"Accounting Standards, Directive on",http://www.tbs-sct.canada.ca/pol/doc-eng.aspx?id=32499,"Provides the accounting, reporting, and recording framework for the Government of Canada’s consolidated financial statements, departmental financial statements, and quarterly financial reports.","Tue, 28 Nov 2023 00:00:00 -0500",,,,,
32502_2024-03-20,"Charging and Special Financial Authorities, Directive on",http://www.tbs-sct.canada.ca/pol/doc-eng.aspx?id=32502,"Outlines management practices and controls to ensure that external and internal charging practices for services provided are consistent across government, the amounts charged respect legislative limits; and the consistent treatment of non-tax revenues that are not returned to the Consolidated Revenue Fund.","Wed, 20 Mar 2024 00:00:00 -0400",,,,,
32503_2021-01-18,"Delegation of Spending and Financial Authorities, Directive on",http://www.tbs-sct.canada.ca/pol/doc-eng.aspx?id=32503,"Provides Chief Financial Officers their responsibilities for delegating, maintaining and management and oversight of spending and financial authorities.","Mon, 18 Jan 2021 00:00:00 -0500",,,,,
32504_2024-06-27,"Payments, Directive on",http://www.tbs-sct.canada.ca/pol/doc-eng.aspx?id=32504,Outlines the requirements and controls necessary to manage and administer payments.,"Thu, 27 Jun 2024 00:00:00 -0400",,,,,
32505_2017-04-01,"Public Money and Receivables, Directive on",http://www.tbs-sct.canada.ca/pol/doc-eng.aspx?id=32505,"Requirements and controls for the effective and efficient management of public money and receivables in order to minimize the risk of loss, error, fraud or improper consumption.","Sat, 01 Apr 2017 00:00:00 -0400",,,,,
32533_2023-10-24,"Internal Audit, Directive on",http://www.tbs-sct.canada.ca/pol/doc-eng.aspx?id=32533,The Directive on Internal Audit supports the objectives of the Policy on Internal Audit by setting out the responsibilities for Chief Audit Executives related to internal audit and providing the mandatory procedures for internal auditing in the Government of Canada that supplement the Institute of Internal Auditors Professional Practices Framework. The Directive also provides the mandatory attributes of the composition and the operations of Departmental Audit Committees and details on requirements for their operations.,"Tue, 24 Oct 2023 00:00:00 -0400",,,,,
32563_2024-10-03,"Reporting of Grants and Contributions Awards, Guidelines on the",http://www.tbs-sct.canada.ca/pol/doc-eng.aspx?id=32563,The Guidelines on the Reporting of Grants and Contributions Awards sets out the public requirements for the Proactive Disclosure of Grants and Contributions. It increases transparency of government funding provided through Grants and Contributions.,"Thu, 03 Oct 2024 00:00:00 -0400","divulgation des octrois de subventions et de contributions, Lignes directrices sur la",http://www.tbs-sct.canada.ca/pol/doc-fra.aspx?id=32563,Les Lignes directrices sur la divulgation des octrois de subventions et de contributions énoncent les exigences publiques qui ont trait à la divulgation proactive des subventions et des contributions. Elles augmentent la transparence du financement gouvernemental octroyé par des subventions et des contributions.,"Thu, 03 Oct 2024 00:00:00 -0400",
32573_2022-11-14,"Green Procurement, Policy on",http://www.tbs-sct.canada.ca/pol/doc-eng.aspx?id=32573,"This policy requires that the procurement of goods and services actively promote environmental stewardship and should be read in conjunction with the <em><a href=""https://www.canada.ca/en/treasury-board-secretariat/services/innovation/greening-government/strategy.html"">Greening Government Strategy: A Government of Canada Directive</a></em>.","Mon, 14 Nov 2022 00:00:00 -0500",,,,,
32574_2019-05-09,"Crown Corporations on Preparing Corporate Plans and Budgets, Guidance for",http://www.tbs-sct.canada.ca/pol/doc-eng.aspx?id=32574,"This guidance will help parent Crown corporations prepare corporate plans and budgets, and summaries of and amendments to those plans and budgets.","Thu, 09 May 2019 00:00:00 -0400","Sociétés d’État sur la préparation des plans d’entreprise et des budgets, Guide pour les",http://www.tbs-sct.canada.ca/pol/doc-fra.aspx?id=32574,"Le présent guide a pour objet d’aider les sociétés d’État mères à préparer les plans d’entreprise et les budgets, ainsi que les résumés et les modifications de ces documents.","Thu, 09 May 2019 00:00:00 -0400",2019-05-09 00:00:00-04:00
32590_2023-08-17,"Personal Information Requests and Correction of Personal Information, Directive on",http://www.tbs-sct.canada.ca/pol/doc-eng.aspx?id=32590,Provides direction to government institutions on how to respond to personal information requests.,"Thu, 17 Aug 2023 00:00:00 -0400",,,,,
32592_2025-06-24,"Automated Decision-Making, Directive on",http://www.tbs-sct.canada.ca/pol/doc-eng.aspx?id=32592,"The Government of Canada is increasingly looking to use artificial intelligence to make or support administrative decisions to improve service delivery. The government is committed to using artificial intelligence in a manner that is compatible with core principles of administrative law such as transparency, accountability, legality, and procedural fairness to ensure that decision-making processes are fair and unbiased. Understanding that this technology is changing rapidly, this directive will continue to evolve to ensure that it remains relevant.","Tue, 24 Jun 2025 00:00:00 -0400",,,,,
32593_2026-07-24,"Planning and Management of Investments, Policy on the",http://www.tbs-sct.canada.ca/pol/doc-eng.aspx?id=32593,The policy ensures that the Government of Canada has the necessary assets and services in place to support program delivery to Canadians.,"Fri, 24 Jul 2026 00:00:00 -0400",,,,,
32594_2025-11-25,"Management of Projects and Programmes, Directive on the",http://www.tbs-sct.canada.ca/pol/doc-eng.aspx?id=32594,"The directive ensures that government projects and programmes are effectively planned, implemented, monitored, controlled and closed, so that the expected benefits and results are realized for Canadians.","Tue, 25 Nov 2025 00:00:00 -0500",,,,,
32601_2025-08-29,"Service and Digital, Directive on",http://www.tbs-sct.canada.ca/pol/doc-eng.aspx?id=32601,"Articulates how Government of Canada organizations manage service delivery, information and data, information technology, and cyber security in the digital era.","Fri, 29 Aug 2025 00:00:00 -0400",,,,,
32603_2025-08-29,"Service and Digital, Policy on",http://www.tbs-sct.canada.ca/pol/doc-eng.aspx?id=32603,"The Policy on Service and Digital and its supporting instruments set out integrated rules for how Government of Canada organizations manage services, information and data, information technology, and cyber security. The policy aims to improve services provided to the public as well as the internal services that support them by promoting digital transformation. The policy incorporates the principles of the Government of Canada’s Digital Standards, helping the government become more agile, open and focused on users.","Fri, 29 Aug 2025 00:00:00 -0400",,,,,
32610_2022-12-21,"Government Contracts, Including Real Property Leases, in the Nunavut Settlement Area, Directive",http://www.tbs-sct.canada.ca/pol/doc-eng.aspx?id=32610,"The Directive on Government Contracts, Including Real Property Leases, in the Nunavut Settlement Area ensures that government contracting in the Nunavut Settlement Area will meet the Government of Canada’s obligations under Article 24 of the Nunavut Agreement.","Wed, 21 Dec 2022 00:00:00 -0500",,,,,
32611_2019-07-01,"Security Management, Directive on",http://www.tbs-sct.canada.ca/pol/doc-eng.aspx?id=32611,"Aims to achieve efficient, effective and accountable management of security within departments and agencies.","Mon, 01 Jul 2019 00:00:00 -0400",,,,,
32621_2026-06-08,"People Management, Policy on",http://www.tbs-sct.canada.ca/pol/doc-eng.aspx?id=32621,"The policy provides Deputies with foundational support in developing and sustaining a high-performing workforce that ensures good governance and service to Canadians, and an inclusive, safe, barrier-free workplace that embodies public service values including respect for people, respect for democracy, integrity, stewardship and excellence in its actions and decisions.","Mon, 08 Jun 2026 00:00:00 -0400",,,,,
32625_2025-11-03,"Terms and Conditions of Employment for Executives, Directive on",http://www.tbs-sct.canada.ca/pol/doc-eng.aspx?id=32625,"The directive sets out the terms and conditions of employment for executives across the core public administration and the associated responsibilities of heads of human resources, delegated managers and executives.  The directive covers salary and non-salary elements, performance pay, special deployments and career transition agreements.","Mon, 03 Nov 2025 00:00:00 -0500",,,,,
32628_2020-10-28,"Mandatory Training, Directive on",http://www.tbs-sct.canada.ca/pol/doc-eng.aspx?id=32628,This directive details key stakeholders’ roles and responsibilities in ensuring the training deemed mandatory by the Treasury Board (e.g. orientation for newly appointed employees; leadership skills for first-time managers; knowledge validation for managers and executives who exercise delegated authorities; and competencies required of certain functional specialists) is carried out.,"Wed, 28 Oct 2020 00:00:00 -0400",,,,,
32634_2021-07-16,"Duty to Accommodate, Directive on the",http://www.tbs-sct.canada.ca/pol/doc-eng.aspx?id=32634,"Provides direction to managers and heads of HR on their obligations with respect to duty to accommodate, with the objective of developing an inclusive, barrier-free workplace in which all persons have equal access to opportunities in the core public administration.","Fri, 16 Jul 2021 00:00:00 -0400",,,,,
32636_2025-04-01,"Telework, Directive on",http://www.tbs-sct.canada.ca/pol/doc-eng.aspx?id=32636,This Directive provides the framework for the management of telework for persons in the core public administration. It lists the key stakeholders’ roles and responsibilities and suggests a template for drafting a comprehensive telework agreement.,"Tue, 01 Apr 2025 00:00:00 -0400",,,,,
32671_2021-01-01,"Prevention and Resolution of Workplace Harassment and Violence, Directive on the",http://www.tbs-sct.canada.ca/pol/doc-eng.aspx?id=32671,This directive is issued pursuant to the same authorities indicated in section 2 of the Policy on People Management.,"Fri, 01 Jan 2021 00:00:00 -0500",,,,,
32687_2021-05-25,GC 5200 Guideline: Illustrative Crown Corporations Quarterly Financial Report,http://www.tbs-sct.canada.ca/pol/doc-eng.aspx?id=32687,Provide the form and manner of  quarterly financial reports prepared by Crown corporations in accordance with section 131.1 (1) of the Financial Administration Act.,"Tue, 25 May 2021 00:00:00 -0400",Lignes directrice GC 5200 : Rapport financier trimestriel des sociétés d’État – Exemple à titre d’illustration,http://www.tbs-sct.canada.ca/pol/doc-fra.aspx?id=32687,"Indiquez sous quelle forme et de quelle manière est présenté un rapport financier trimestriel préparé par des sociétés d’État, conformément au paragraphe 131.1 (1) de la Loi sur la gestion des finances publiques.","Tue, 25 May 2021 00:00:00 -0400",2021-05-25 00:00:00-04:00
32688_2021-05-25,GC 4400 Guideline: Illustrative Quarterly Financial Report,http://www.tbs-sct.canada.ca/pol/doc-eng.aspx?id=32688,Provides the special purpose financial reporting framework for the quarterly financial report prepared by departments in accordance with section 65.1 of the Financial Administration Act.,"Tue, 25 May 2021 00:00:00 -0400",Lignes directrice GC 4400 : Rapport financier trimestriel – Exemple à titre d’illustration,http://www.tbs-sct.canada.ca/pol/doc-fra.aspx?id=32688,Fournit le référentiel d’information financière à usage particulier pour le rapport financier trimestriel établi par les ministères conformément à l’article 65.1 de la Loi sur la gestion des finances publiques.,"Tue, 25 May 2021 00:00:00 -0400",2021-05-25 00:00:00-04:00
32689_2021-05-25,GC 4500 Guideline: Illustrative Departmental Financial Statements,http://www.tbs-sct.canada.ca/pol/doc-eng.aspx?id=32689,Complements the Public Sector Accounting Handbook (PSAH) by providing specific policies related to the preparation of Departmental Financial Statements.,"Tue, 25 May 2021 00:00:00 -0400",Lignes directrice GC 4500 : Exemple à titre d’illustration – États financiers ministériels,http://www.tbs-sct.canada.ca/pol/doc-fra.aspx?id=32689,Compléte le Manuel de comptabilité pour le secteur public (MCSP) en fournissant des politiques particulières qui ont trait à la préparation des états financiers ministériels.,"Tue, 25 May 2021 00:00:00 -0400",2021-05-25 00:00:00-04:00
32690_2026-04-30,"Management of Materiel, Directive on the",http://www.tbs-sct.canada.ca/pol/doc-eng.aspx?id=32690,"The directive ensures that materiel is planned, acquired, operated, maintained and divested in a manner that supports the delivery of programs and services to Canadians, while ensuring best value to the Crown.","Thu, 30 Apr 2026 00:00:00 -0400",,,,,
32691_2026-07-24,"Management of Real Property, Directive on the",http://www.tbs-sct.canada.ca/pol/doc-eng.aspx?id=32691,"The directive ensures that real property is planned, acquired, used, and disposed of in a manner that supports the delivery of programs and services to Canadians, while ensuring best value to the Crown.","Fri, 24 Jul 2026 00:00:00 -0400",,,,,
32692_2026-07-27,"Management of Procurement, Directive on the",http://www.tbs-sct.canada.ca/pol/doc-eng.aspx?id=32692,"The directive ensures that procurement of goods, services and construction obtains the necessary assets and services that support the delivery of programs and services to Canadians, while ensuring best value to the Crown.","Mon, 27 Jul 2026 00:00:00 -0400",,,,,
32707_2022-05-03,"Examples of Acceptable Network and Device Use (Non-Exhaustive List), Appendix A",http://www.tbs-sct.canada.ca/pol/doc-eng.aspx?id=32707,No description provided.,"Tue, 03 May 2022 00:00:00 -0400","Exemples d’utilisation acceptable des dispositifs et des réseaux (liste non exhaustive), Annexe A",http://www.tbs-sct.canada.ca/pol/doc-fra.aspx?id=32707,,"Tue, 03 May 2022 00:00:00 -0400",2022-05-03 00:00:00-04:00
32708_2023-08-18,"Examples of Unacceptable Network and Device Use (Non-Exhaustive List of Examples), Appendix B",http://www.tbs-sct.canada.ca/pol/doc-eng.aspx?id=32708,No description provided.,"Fri, 18 Aug 2023 00:00:00 -0400","Exemples d’utilisation inacceptable des dispositifs et des réseaux (liste non exhaustive d’exemples), Annexe B",http://www.tbs-sct.canada.ca/pol/doc-fra.aspx?id=32708,,"Fri, 18 Aug 2023 00:00:00 -0400",
32709_2022-05-06,"Privacy and Monitoring of Network and Device Use Information Notices, Mandatory Procedures for",http://www.tbs-sct.canada.ca/pol/doc-eng.aspx?id=32709,No description provided.,"Fri, 06 May 2022 00:00:00 -0400","Avis liés à la protection des renseignements personnels et à la surveillance liées à l’utilisation des dispositifs et des réseaux, Procédures obligatoires pour les",http://www.tbs-sct.canada.ca/pol/doc-fra.aspx?id=32709,,"Fri, 06 May 2022 00:00:00 -0400",2022-05-06 00:00:00-04:00
32710_2022-05-06,"Information Technology User and Workpoint Profiles, Standard on",http://www.tbs-sct.canada.ca/pol/doc-eng.aspx?id=32710,No description provided.,"Fri, 06 May 2022 00:00:00 -0400","Profils des utilisateurs et des points de travail pour la technologie de l’information (TI), Norme sur les",http://www.tbs-sct.canada.ca/pol/doc-fra.aspx?id=32710,,"Fri, 06 May 2022 00:00:00 -0400",2022-05-06 00:00:00-04:00
32711_2022-05-06,"Information Technology Provisions, Standard on",http://www.tbs-sct.canada.ca/pol/doc-eng.aspx?id=32711,No description provided.,"Fri, 06 May 2022 00:00:00 -0400","Dispositions relatives à la technologie de l’information (TI), Norme sur les",http://www.tbs-sct.canada.ca/pol/doc-fra.aspx?id=32711,,"Fri, 06 May 2022 00:00:00 -0400",2022-05-06 00:00:00-04:00
32712_2022-05-06,"Enterprise Information Technology Service Usage Restrictions, Standard on",http://www.tbs-sct.canada.ca/pol/doc-eng.aspx?id=32712,No description provided.,"Fri, 06 May 2022 00:00:00 -0400","Restriction de l’utilisation des services de la TI intégrée, Norme sur la",http://www.tbs-sct.canada.ca/pol/doc-fra.aspx?id=32712,,"Fri, 06 May 2022 00:00:00 -0400",2022-05-06 00:00:00-04:00
32713_2022-05-06,"Enterprise Information Technology Service Common Configurations, Standard on",http://www.tbs-sct.canada.ca/pol/doc-eng.aspx?id=32713,No description provided.,"Fri, 06 May 2022 00:00:00 -0400","Configurations courantes des services de la TI intégrée, Norme sur les",http://www.tbs-sct.canada.ca/pol/doc-fra.aspx?id=32713,,"Fri, 06 May 2022 00:00:00 -0400",2022-05-06 00:00:00-04:00
32714_2022-05-06,"At-Risk Information Technology, Standard on",http://www.tbs-sct.canada.ca/pol/doc-eng.aspx?id=32714,No description provided.,"Fri, 06 May 2022 00:00:00 -0400","Technologie de l’information à risque, Norme sur la",http://www.tbs-sct.canada.ca/pol/doc-fra.aspx?id=32714,,"Fri, 06 May 2022 00:00:00 -0400",2022-05-06 00:00:00-04:00
32715_2022-05-06,"Enterprise Resource Planning Solutions, Interim Standard on",http://www.tbs-sct.canada.ca/pol/doc-eng.aspx?id=32715,No description provided.,"Fri, 06 May 2022 00:00:00 -0400","Solutions de planification des ressources organisationnelles, Norme intérimaire sur les",http://www.tbs-sct.canada.ca/pol/doc-fra.aspx?id=32715,,"Fri, 06 May 2022 00:00:00 -0400",2022-05-06 00:00:00-04:00
32716_2022-05-06,"Systems that Manage Information and Data, Standard on",http://www.tbs-sct.canada.ca/pol/doc-eng.aspx?id=32716,No description provided.,"Fri, 06 May 2022 00:00:00 -0400","Systèmes qui gèrent l’information et les données, Norme sur les",http://www.tbs-sct.canada.ca/pol/doc-fra.aspx?id=32716,,"Fri, 06 May 2022 00:00:00 -0400",2022-05-06 00:00:00-04:00
32728_2026-04-27,"Making Communications Products and Activities Accessible, Guidelines on",http://www.tbs-sct.canada.ca/pol/doc-eng.aspx?id=32728,Aims to help Government of Canada employees create accessible-by-default communications products and activities,"Mon, 27 Apr 2026 00:00:00 -0400","Accessibilité des produits et des activités de communication, Lignes directrices sur l’",http://www.tbs-sct.canada.ca/pol/doc-fra.aspx?id=32728,Visent à aider les employés et employées du gouvernement du Canada à créer des produits et des activités de communication accessibles par défaut,"Mon, 27 Apr 2026 00:00:00 -0400",
32749_2026-07-06,"Digital Talent, Directive on",http://www.tbs-sct.canada.ca/pol/doc-eng.aspx?id=32749,"The directive supports the development and sustainability of the Government of Canada’s digital community by advancing business intelligence and interdepartmental coordination related to planning, talent sourcing, talent management and leadership.

<br /><br />

The requirements to inform, engage with, consult, and report to the Treasury Board of Canada Secretariat, Office of the Chief Information Officer of Canada (TBS-OCIO), do not impede the delegation of authority granted to departments to staff, procure, and make operational decisions, as laid out in other policy instruments. The requirements of this directive do not impose any additional approval steps by TBS-OCIO for departments in executing their authorities, nor are timelines for departmental operations expected to be affected.","Mon, 06 Jul 2026 00:00:00 -0400",,,,,
32756_2023-06-28,"Proactive Publication under the Access to Information Act, Directive on",http://www.tbs-sct.canada.ca/pol/doc-eng.aspx?id=32756,No description provided.,"Wed, 28 Jun 2023 00:00:00 -0400",,,,,
32780_2023-10-31,GC 3450 Guideline: Embedded Derivatives,http://www.tbs-sct.canada.ca/pol/doc-eng.aspx?id=32780,Provides additional guidance on the Government of Canada’s accounting policies for embedded derivatives.,"Tue, 31 Oct 2023 00:00:00 -0400",Ligne directrice GC 3450 : Les dérivés incorporés,http://www.tbs-sct.canada.ca/pol/doc-fra.aspx?id=32780,Fournit des précisions supplémentaires sur les politiques comptables du gouvernement du Canada relatives aux dérivés incorporés.,"Tue, 31 Oct 2023 00:00:00 -0400",
32785_2026-06-19,"Making Communications Products and Activities Diverse and Inclusive, Guidelines on",http://www.tbs-sct.canada.ca/pol/doc-eng.aspx?id=32785,Aims to help Government of Canada employees create diverse and inclusive communications products and activities.,"Fri, 19 Jun 2026 00:00:00 -0400","la diversité et l’inclusion dans les produits et les activités de communication, Lignes directrices sur",http://www.tbs-sct.canada.ca/pol/doc-fra.aspx?id=32785,Visent à aider les employés et employées du gouvernement du Canada à créer des produits et des activités de communication diversifiés et inclusifs.,"Fri, 19 Jun 2026 00:00:00 -0400",
32786_2024-01-10,"Managing Metadata, Standard for",http://www.tbs-sct.canada.ca/pol/doc-eng.aspx?id=32786,"This standard provides direction on managing metadata for all Government of Canada (GC) information and data to realize the expected results of digital government for Canadians. The open and strategic management of information and data inherently requires that metadata also be managed. Therefore, this standard elaborates on requirements of the Directive on Service and Digital, which does not explicitly address metadata.","Wed, 10 Jan 2024 00:00:00 -0500","Gestion des métadonnées, Norme pour la",http://www.tbs-sct.canada.ca/pol/doc-fra.aspx?id=32786,"La présente norme fournit une orientation sur la gestion des métadonnées pour l’ensemble de l’information et des données du gouvernement du Canada, afin d’obtenir les résultats escomptés du gouvernement numérique pour les Canadiens et les Canadiennes. La gestion ouverte et stratégique de l’information et des données exige intrinsèquement que les métadonnées soient également gérées. Par conséquent, la présente Norme précise les exigences de la Directive sur les services et le numérique qui ne traitent pas explicitement des métadonnées.","Wed, 10 Jan 2024 00:00:00 -0500",
32787_2024-01-31,"Guardrails, Government of Canada Cloud",http://www.tbs-sct.canada.ca/pol/doc-eng.aspx?id=32787,No description provided.,"Wed, 31 Jan 2024 00:00:00 -0500","Mesures de protection, du nuage du gouvernement du Canada",http://www.tbs-sct.canada.ca/pol/doc-fra.aspx?id=32787,,"Wed, 31 Jan 2024 00:00:00 -0500",
32788_2024-05-29,"Second Official Language Training, Guidelines on",http://www.tbs-sct.canada.ca/pol/doc-eng.aspx?id=32788,No description provided.,"Wed, 29 May 2024 00:00:00 -0400","Formation en seconde langue officielle, Lignes directrices sur la",http://www.tbs-sct.canada.ca/pol/doc-fra.aspx?id=32788,,"Wed, 29 May 2024 00:00:00 -0400",2024-05-29 00:00:00-04:00
32802_2024-07-25,"the Stewardship of Human Resources Management Systems, Directive on",http://www.tbs-sct.canada.ca/pol/doc-eng.aspx?id=32802,This directive articulates how the authorities of the Chief Human Resources Officer apply to the management and oversight of human resources (HR) management systems. This directive must be read in conjunction with other related policies and directives listed in the reference section.,"Thu, 25 Jul 2024 00:00:00 -0400",,,,,
32805_2025-01-07,"Security Screening, Directive on",http://www.tbs-sct.canada.ca/pol/doc-eng.aspx?id=32805,"Ensures that security screening in the Government of Canada is conducted in a way that is effective, rigorous, consistent and fair, and enables greater transferability of security screening between departments.","Tue, 07 Jan 2025 00:00:00 -0500",,,,,
32808_2025-02-21,"Data Linking for Program Monitoring, Evaluation and Reporting",http://www.tbs-sct.canada.ca/pol/doc-eng.aspx?id=32808,No description provided.,"Fri, 21 Feb 2025 00:00:00 -0500","Couplage de données aux fins de surveillance des programmes, d’évaluation et de production de rapports",http://www.tbs-sct.canada.ca/pol/doc-fra.aspx?id=32808,,"Fri, 21 Feb 2025 00:00:00 -0500",
32824_2026-01-07,Data and metadata reference standards,http://www.tbs-sct.canada.ca/pol/doc-eng.aspx?id=32824,"Government of Canada data and metadata reference standards outline the terminology, codes, values, formats and fields that departmental officials must use when presenting their data. Presenting data in a consistent way improves data quality and enables interoperability. This allows for more robust analysis and informed decision-making.","Wed, 07 Jan 2026 00:00:00 -0500",Normes référentielles relatives aux données et aux métadonnées,http://www.tbs-sct.canada.ca/pol/doc-fra.aspx?id=32824,"Les normes référentielles relatives aux données et aux métadonnées du gouvernement du Canada définissent la terminologie, les codes, les valeurs, les formats et les champs que doivent utiliser les représentants des ministères lorsqu’ils présentent leurs données. La présentation uniforme des données améliore la qualité de celles-ci et facilite l’interopérabilité, ce qui permet d’effectuer des analyses plus approfondies et de prendre des décisions éclairées.","Wed, 07 Jan 2026 00:00:00 -0500",
